request_index,prompt_id,scene_id,category,variant_type,relation,language,language_name,submitted_prompt,prompt_used,revised_prompt,has_revised_prompt,revised_prompt_has_non_ascii,revised_prompt_ascii_ratio,revised_prompt_english_like,prompt_chars,revised_prompt_chars,char_expansion_ratio,composition_specification,clean_background,realism_or_stylization,negative_no_text,object_relation_clarification,detail_expansion,curation_operation_count,manual_object_presence,manual_color_binding,manual_count_match,manual_relation_match,manual_negation_match,manual_strict_success,manual_observation_status,manual_observation_note,output_png,sidecar_json,generation_completed_at_local,elapsed_seconds
1,S01_base,S01,spatial_color,base,left_of,en,English,A red cup is to the left of a blue book.,A red cup is to the left of a blue book.,"A simple realistic scene on a tabletop: a red cup positioned to the left of a blue book. Clean composition, plain background, clear spatial relationship, well-lit.",1,0,1.0,1,40,163,4.075,1,1,1,0,1,1,5,1,1,1,1,,1,light_reviewed_contact_sheet,Red cup and blue book visible; cup is to the left of the book.,PROJECT_ROOT/experiments_gpt_image2_expanded_20260520_1713/images/S01_base_en.png,PROJECT_ROOT/experiments_gpt_image2_expanded_20260520_1713/images/S01_base_en.json,2026-05-20T18:14:32+08:00,44.536
2,S01_base,S01,spatial_color,base,left_of,zh,Chinese,红色杯子在蓝色书的左边。,红色杯子在蓝色书的左边。,"A simple realistic tabletop scene showing a red cup positioned to the left of a blue book. Clean background, natural lighting, clear spatial relationship.",1,0,1.0,1,12,154,12.8333,1,1,1,0,1,1,5,1,1,1,1,,1,light_reviewed_contact_sheet,Red cup and blue book visible; cup is to the left of the book.,PROJECT_ROOT/experiments_gpt_image2_expanded_20260520_1713/images/S01_base_zh.png,PROJECT_ROOT/experiments_gpt_image2_expanded_20260520_1713/images/S01_base_zh.json,2026-05-20T18:15:03+08:00,31.233
3,S01_base,S01,spatial_color,base,left_of,hi,Hindi,एक लाल कप एक नीली किताब के बाईं ओर है।,एक लाल कप एक नीली किताब के बाईं ओर है।,"एक सरल दृश्य: एक लाल कप एक नीली किताब के बाईं ओर रखा है। साफ़ पृष्ठभूमि, वास्तविक शैली, वस्तुएँ स्पष्ट रूप से दिखें।",1,1,0.2155,0,38,116,3.0526,1,0,1,0,1,1,4,1,1,1,1,,1,light_reviewed_contact_sheet,Red cup and blue book visible; cup is to the left of the book.,PROJECT_ROOT/experiments_gpt_image2_expanded_20260520_1713/images/S01_base_hi.png,PROJECT_ROOT/experiments_gpt_image2_expanded_20260520_1713/images/S01_base_hi.json,2026-05-20T18:15:34+08:00,31.211
4,S01_base,S01,spatial_color,base,left_of,es,Spanish,Una taza roja está a la izquierda de un libro azul.,Una taza roja está a la izquierda de un libro azul.,"A simple realistic still life: a red cup positioned to the left of a blue book on a table, clean background, natural lighting.",1,0,1.0,1,51,126,2.4706,1,1,1,0,1,1,5,1,1,1,1,,1,light_reviewed_contact_sheet,Red cup and blue book visible; cup is to the left of the book.,PROJECT_ROOT/experiments_gpt_image2_expanded_20260520_1713/images/S01_base_es.png,PROJECT_ROOT/experiments_gpt_image2_expanded_20260520_1713/images/S01_base_es.json,2026-05-20T18:16:03+08:00,28.997
5,S01_base,S01,spatial_color,base,left_of,fr,French,Une tasse rouge est à gauche de un livre bleu.,Une tasse rouge est à gauche de un livre bleu.,"A simple realistic scene on a tabletop: a red cup positioned to the left of a blue book. Clean composition, neutral background, clear spatial relationship, well-lit.",1,0,1.0,1,46,165,3.587,1,0,1,0,1,1,4,1,1,1,1,,1,light_reviewed_contact_sheet,Red cup and blue book visible; cup is to the left of the book.,PROJECT_ROOT/experiments_gpt_image2_expanded_20260520_1713/images/S01_base_fr.png,PROJECT_ROOT/experiments_gpt_image2_expanded_20260520_1713/images/S01_base_fr.json,2026-05-20T18:16:27+08:00,23.873
1,S02_base,S02,spatial_color,base,right_of,en,English,A yellow ball is to the right of a green box.,A yellow ball is to the right of a green box.,"Simple clean illustration: a yellow ball positioned to the right of a green box, on a plain white background. Minimalist, centered composition, flat colors.",1,0,1.0,1,45,156,3.4667,1,1,1,0,1,1,5,1,1,1,1,,1,light_reviewed_contact_sheet,Yellow ball and green box visible; ball is to the right of the box.,PROJECT_ROOT/experiments_gpt_image2_expanded_20260520_1713/images/S02_base_en.png,PROJECT_ROOT/experiments_gpt_image2_expanded_20260520_1713/images/S02_base_en.json,2026-05-20T17:16:13+08:00,18.871
2,S02_base,S02,spatial_color,base,right_of,zh,Chinese,黄色球在绿色盒子的右边。,黄色球在绿色盒子的右边。,"A simple clean illustration: a yellow ball positioned to the right of a green box on a plain background. Minimalist composition, clear spatial relationship, bright colors.",1,0,1.0,1,12,171,14.25,1,1,1,0,1,1,5,1,1,1,1,,1,light_reviewed_contact_sheet,Yellow ball and green box visible; ball is to the right of the box.,PROJECT_ROOT/experiments_gpt_image2_expanded_20260520_1713/images/S02_base_zh.png,PROJECT_ROOT/experiments_gpt_image2_expanded_20260520_1713/images/S02_base_zh.json,2026-05-20T17:16:38+08:00,24.38
3,S02_base,S02,spatial_color,base,right_of,hi,Hindi,एक पीली गेंद एक हरा डिब्बा के दाईं ओर है।,एक पीली गेंद एक हरा डिब्बा के दाईं ओर है।,"A simple clean illustration on a plain background: a green box on the left and a yellow ball positioned to the right of the green box. Flat colors, minimal composition.",1,0,1.0,1,41,168,4.0976,1,1,1,0,1,1,5,1,1,1,1,,1,light_reviewed_contact_sheet,Yellow ball and green box visible; ball is to the right of the box.,PROJECT_ROOT/experiments_gpt_image2_expanded_20260520_1713/images/S02_base_hi.png,PROJECT_ROOT/experiments_gpt_image2_expanded_20260520_1713/images/S02_base_hi.json,2026-05-20T17:17:01+08:00,23.61
4,S02_base,S02,spatial_color,base,right_of,es,Spanish,Una pelota amarilla está a la derecha de una caja verde.,Una pelota amarilla está a la derecha de una caja verde.,"Simple clean illustration: a yellow ball positioned to the right of a green box on a plain light background. Minimalist composition, clear spatial relationship, no text.",1,0,1.0,1,56,169,3.0179,1,1,1,1,1,1,6,1,1,1,1,,1,light_reviewed_contact_sheet,Yellow ball and green box visible; ball is to the right of the box.,PROJECT_ROOT/experiments_gpt_image2_expanded_20260520_1713/images/S02_base_es.png,PROJECT_ROOT/experiments_gpt_image2_expanded_20260520_1713/images/S02_base_es.json,2026-05-20T17:17:28+08:00,26.587
5,S02_base,S02,spatial_color,base,right_of,fr,French,Une balle jaune est à droite de une boîte verte.,Une balle jaune est à droite de une boîte verte.,"Simple clean illustration: a yellow ball positioned to the right of a green box, on a plain light background.",1,0,1.0,1,48,109,2.2708,1,1,1,0,1,1,5,1,1,1,1,,1,light_reviewed_contact_sheet,Yellow ball and green box visible; ball is to the right of the box.,PROJECT_ROOT/experiments_gpt_image2_expanded_20260520_1713/images/S02_base_fr.png,PROJECT_ROOT/experiments_gpt_image2_expanded_20260520_1713/images/S02_base_fr.json,2026-05-20T17:18:08+08:00,40.437
6,S03_base,S03,spatial_color,base,above,en,English,A purple chair is above an orange table.,A purple chair is above an orange table.,"A simple scene showing a purple chair positioned above an orange table. Clean composition, clear spatial relationship, minimal background.",1,0,1.0,1,40,138,3.45,1,1,0,0,1,1,4,1,1,1,1,,1,light_reviewed_contact_sheet,Purple chair and orange table visible; chair is placed above/on top of the table.,PROJECT_ROOT/experiments_gpt_image2_expanded_20260520_1713/images/S03_base_en.png,PROJECT_ROOT/experiments_gpt_image2_expanded_20260520_1713/images/S03_base_en.json,2026-05-20T17:18:39+08:00,30.853
7,S03_base,S03,spatial_color,base,above,zh,Chinese,紫色椅子在橙色桌子的上方。,紫色椅子在橙色桌子的上方。,"A simple clean illustration showing a purple chair positioned above an orange table, with the chair clearly floating or placed above the table. Minimal background, clear colors, easy to understand spatial relation.",1,0,1.0,1,13,214,16.4615,1,1,1,0,1,1,5,1,1,1,1,,1,light_reviewed_contact_sheet,Purple chair and orange table visible; chair is placed above/on top of the table.,PROJECT_ROOT/experiments_gpt_image2_expanded_20260520_1713/images/S03_base_zh.png,PROJECT_ROOT/experiments_gpt_image2_expanded_20260520_1713/images/S03_base_zh.json,2026-05-20T17:19:06+08:00,27.312
8,S03_base,S03,spatial_color,base,above,hi,Hindi,एक बैंगनी कुर्सी एक नारंगी मेज़ के ऊपर है।,एक बैंगनी कुर्सी एक नारंगी मेज़ के ऊपर है।,"A simple, realistic scene: a purple chair placed on top of an orange table. Clean background, clear composition, natural lighting.",1,0,1.0,1,42,130,3.0952,1,1,1,0,1,1,5,1,1,1,1,,1,light_reviewed_contact_sheet,Purple chair and orange table visible; chair is placed above/on top of the table.,PROJECT_ROOT/experiments_gpt_image2_expanded_20260520_1713/images/S03_base_hi.png,PROJECT_ROOT/experiments_gpt_image2_expanded_20260520_1713/images/S03_base_hi.json,2026-05-20T17:19:32+08:00,26.057
9,S03_base,S03,spatial_color,base,above,es,Spanish,Una silla morada está encima de una mesa naranja.,Una silla morada está encima de una mesa naranja.,"Una silla morada está encima de una mesa naranja. Escena simple, estilo realista, fondo neutro, composición centrada.",1,1,0.9829,0,49,117,2.3878,1,1,1,0,1,1,5,1,1,1,1,,1,light_reviewed_contact_sheet,Purple chair and orange table visible; chair is placed above/on top of the table.,PROJECT_ROOT/experiments_gpt_image2_expanded_20260520_1713/images/S03_base_es.png,PROJECT_ROOT/experiments_gpt_image2_expanded_20260520_1713/images/S03_base_es.json,2026-05-20T17:20:04+08:00,31.109
10,S03_base,S03,spatial_color,base,above,fr,French,Une chaise violette est au-dessus de une table orange.,Une chaise violette est au-dessus de une table orange.,"A simple surreal scene: a purple chair floating above an orange table, clean composition, neutral background, realistic lighting, centered arrangement.",1,0,1.0,1,54,151,2.7963,1,0,1,0,1,1,4,1,1,1,1,,1,light_reviewed_contact_sheet,Purple chair and orange table visible; chair is placed above/on top of the table.,PROJECT_ROOT/experiments_gpt_image2_expanded_20260520_1713/images/S03_base_fr.png,PROJECT_ROOT/experiments_gpt_image2_expanded_20260520_1713/images/S03_base_fr.json,2026-05-20T17:22:34+08:00,150.002
11,S04_base,S04,spatial_color,base,below,en,English,A pink vase is below a black lamp.,A pink vase is below a black lamp.,"A simple indoor scene with a pink vase placed below a black lamp. Clean composition, realistic style, neutral background, clear spatial relationship showing the vase beneath the lamp.",1,0,1.0,1,34,183,5.3824,1,0,1,0,1,1,4,1,1,1,1,,1,light_reviewed_contact_sheet,Pink vase and black lamp visible; vase is below the hanging lamp.,PROJECT_ROOT/experiments_gpt_image2_expanded_20260520_1713/images/S04_base_en.png,PROJECT_ROOT/experiments_gpt_image2_expanded_20260520_1713/images/S04_base_en.json,2026-05-20T17:22:58+08:00,24.234
12,S04_base,S04,spatial_color,base,below,zh,Chinese,粉色花瓶在黑色灯的下方。,粉色花瓶在黑色灯的下方。,一幅简洁的室内静物场景：一个粉色花瓶位于一盏黑色灯的正下方。现代风格，干净背景，灯光柔和，构图清晰，真实感。,1,1,0.0,0,12,54,4.5,1,1,1,0,1,1,5,1,1,1,1,,1,light_reviewed_contact_sheet,Pink vase and black lamp visible; vase is below the hanging lamp.,PROJECT_ROOT/experiments_gpt_image2_expanded_20260520_1713/images/S04_base_zh.png,PROJECT_ROOT/experiments_gpt_image2_expanded_20260520_1713/images/S04_base_zh.json,2026-05-20T17:23:42+08:00,44.413
13,S04_base,S04,spatial_color,base,below,hi,Hindi,एक गुलाबी फूलदान एक काला लैंप के नीचे है।,एक गुलाबी फूलदान एक काला लैंप के नीचे है।,"A simple indoor scene: a pink vase placed underneath a black lamp. Clean composition, realistic lighting, neutral background, centered objects.",1,0,1.0,1,41,143,3.4878,1,0,1,0,1,1,4,1,1,1,1,,1,light_reviewed_contact_sheet,Pink vase and black lamp visible; vase is below the hanging lamp.,PROJECT_ROOT/experiments_gpt_image2_expanded_20260520_1713/images/S04_base_hi.png,PROJECT_ROOT/experiments_gpt_image2_expanded_20260520_1713/images/S04_base_hi.json,2026-05-20T17:24:13+08:00,30.987
14,S04_base,S04,spatial_color,base,below,es,Spanish,Un jarrón rosa está debajo de una lámpara negra.,Un jarrón rosa está debajo de una lámpara negra.,"A pink vase placed underneath a black lamp, simple indoor composition, realistic lighting, clean background, centered composition.",1,0,1.0,1,48,130,2.7083,1,1,1,0,1,1,5,1,1,1,1,,1,light_reviewed_contact_sheet,Pink vase and black lamp visible; vase is below the hanging lamp.,PROJECT_ROOT/experiments_gpt_image2_expanded_20260520_1713/images/S04_base_es.png,PROJECT_ROOT/experiments_gpt_image2_expanded_20260520_1713/images/S04_base_es.json,2026-05-20T17:24:54+08:00,40.696
15,S04_base,S04,spatial_color,base,below,fr,French,Un vase rose est au-dessous de une lampe noire.,Un vase rose est au-dessous de une lampe noire.,"A simple realistic scene: a pink vase positioned below a black lamp. Clean composition, neutral background, soft lighting, centered arrangement.",1,0,1.0,1,47,144,3.0638,1,0,1,0,1,1,4,1,1,1,1,,1,light_reviewed_contact_sheet,Pink vase and black lamp visible; vase is below the hanging lamp.,PROJECT_ROOT/experiments_gpt_image2_expanded_20260520_1713/images/S04_base_fr.png,PROJECT_ROOT/experiments_gpt_image2_expanded_20260520_1713/images/S04_base_fr.json,2026-05-20T17:25:18+08:00,23.761
16,S05_base,S05,quantity_color,base,left_of,en,English,Two red apples are to the left of one green pear.,Two red apples are to the left of one green pear.,"A simple clean illustration of still life fruits on a white background: two red apples positioned to the left of one green pear. The apples should clearly appear on the left side, and the pear should be on the right side. Natural-looking fruit, soft shadows, minimal composition.",1,0,1.0,1,49,279,5.6939,1,1,1,0,1,1,5,1,1,1,1,,1,light_reviewed_contact_sheet,Two red apples and one green pear visible; apples are left of the pear.,PROJECT_ROOT/experiments_gpt_image2_expanded_20260520_1713/images/S05_base_en.png,PROJECT_ROOT/experiments_gpt_image2_expanded_20260520_1713/images/S05_base_en.json,2026-05-20T17:26:18+08:00,60.413
17,S05_base,S05,quantity_color,base,left_of,zh,Chinese,两个红色苹果在一个绿色梨的左边。,两个红色苹果在一个绿色梨的左边。,"A simple still-life illustration: two red apples positioned to the left of one green pear. Clean composition on a plain light background, realistic fruit, clear spatial arrangement with the apples on the left and the pear on the right.",1,0,1.0,1,16,235,14.6875,1,1,1,0,1,1,5,1,1,1,1,,1,light_reviewed_contact_sheet,Two red apples and one green pear visible; apples are left of the pear.,PROJECT_ROOT/experiments_gpt_image2_expanded_20260520_1713/images/S05_base_zh.png,PROJECT_ROOT/experiments_gpt_image2_expanded_20260520_1713/images/S05_base_zh.json,2026-05-20T17:26:48+08:00,29.192
18,S05_base,S05,quantity_color,base,left_of,hi,Hindi,दो लाल सेब एक हरी नाशपाती के बाईं ओर हैं।,दो लाल सेब एक हरी नाशपाती के बाईं ओर हैं।,"A simple still life illustration: two red apples positioned to the left of one green pear. Clean plain background, realistic fruit, clear spatial arrangement, no text.",1,0,1.0,1,41,167,4.0732,1,1,1,1,1,1,6,1,1,1,1,,1,light_reviewed_contact_sheet,Two red apples and one green pear visible; apples are left of the pear.,PROJECT_ROOT/experiments_gpt_image2_expanded_20260520_1713/images/S05_base_hi.png,PROJECT_ROOT/experiments_gpt_image2_expanded_20260520_1713/images/S05_base_hi.json,2026-05-20T17:27:13+08:00,25.947
19,S05_base,S05,quantity_color,base,left_of,es,Spanish,Dos manzanas roja están a la izquierda de una pera verde.,Dos manzanas roja están a la izquierda de una pera verde.,"A simple still life illustration: two red apples positioned to the left of a green pear on a plain background. Clean composition, realistic fruit, clear spatial relationship, bright colors.",1,0,1.0,1,57,189,3.3158,1,1,1,0,1,1,5,1,1,1,1,,1,light_reviewed_contact_sheet,Two red apples and one green pear visible; apples are left of the pear.,PROJECT_ROOT/experiments_gpt_image2_expanded_20260520_1713/images/S05_base_es.png,PROJECT_ROOT/experiments_gpt_image2_expanded_20260520_1713/images/S05_base_es.json,2026-05-20T17:27:41+08:00,27.53
20,S05_base,S05,quantity_color,base,left_of,fr,French,Deux pommes rouge sont à gauche de une poire verte.,Deux pommes rouge sont à gauche de une poire verte.,"A simple clean illustration of exactly two red apples positioned to the left of one green pear, on a plain white background. The apples are clearly red, the pear is clearly green, arranged left-to-right as described.",1,0,1.0,1,51,216,4.2353,1,1,1,0,1,1,5,1,1,1,1,,1,light_reviewed_contact_sheet,Two red apples and one green pear visible; apples are left of the pear.,PROJECT_ROOT/experiments_gpt_image2_expanded_20260520_1713/images/S05_base_fr.png,PROJECT_ROOT/experiments_gpt_image2_expanded_20260520_1713/images/S05_base_fr.json,2026-05-20T17:28:07+08:00,26.055
26,S05_quantity_shift,S05,quantity_color,quantity_shift,left_of,en,English,One red apple is to the left of one green pear.,One red apple is to the left of one green pear.,A simple clean illustration showing one red apple positioned to the left of one green pear on a plain white background.,1,0,1.0,1,47,119,2.5319,1,1,1,0,1,1,5,1,1,1,1,,1,light_reviewed_contact_sheet,One red apple and one green pear visible; apple is left of the pear.,PROJECT_ROOT/experiments_gpt_image2_expanded_20260520_1713/images/S05_quantity_shift_en.png,PROJECT_ROOT/experiments_gpt_image2_expanded_20260520_1713/images/S05_quantity_shift_en.json,2026-05-20T18:17:25+08:00,57.326
27,S05_quantity_shift,S05,quantity_color,quantity_shift,left_of,zh,Chinese,一个红色苹果在一个绿色梨的左边。,一个红色苹果在一个绿色梨的左边。,"A simple clean illustration: one red apple positioned to the left of one green pear. Plain background, clear separation, centered composition, realistic fruit shapes, bright colors.",1,0,1.0,1,16,181,11.3125,1,1,1,0,1,1,5,1,1,1,1,,1,light_reviewed_contact_sheet,One red apple and one green pear visible; apple is left of the pear.,PROJECT_ROOT/experiments_gpt_image2_expanded_20260520_1713/images/S05_quantity_shift_zh.png,PROJECT_ROOT/experiments_gpt_image2_expanded_20260520_1713/images/S05_quantity_shift_zh.json,2026-05-20T18:17:47+08:00,22.116
28,S05_quantity_shift,S05,quantity_color,quantity_shift,left_of,hi,Hindi,एक लाल सेब एक हरी नाशपाती के बाईं ओर है।,एक लाल सेब एक हरी नाशपाती के बाईं ओर है।,"A simple clean illustration: a red apple positioned on the left side of a green pear. Plain light background, minimal composition, realistic fruit, clearly showing left-right relationship.",1,0,1.0,1,40,188,4.7,1,1,1,0,1,1,5,1,1,1,1,,1,light_reviewed_contact_sheet,One red apple and one green pear visible; apple is left of the pear.,PROJECT_ROOT/experiments_gpt_image2_expanded_20260520_1713/images/S05_quantity_shift_hi.png,PROJECT_ROOT/experiments_gpt_image2_expanded_20260520_1713/images/S05_quantity_shift_hi.json,2026-05-20T18:18:32+08:00,44.564
29,S05_quantity_shift,S05,quantity_color,quantity_shift,left_of,es,Spanish,Una manzana roja está a la izquierda de una pera verde.,Una manzana roja está a la izquierda de una pera verde.,Simple clean illustration: a red apple positioned to the left of a green pear on a plain white background.,1,0,1.0,1,55,106,1.9273,1,1,1,0,1,1,5,1,1,1,1,,1,light_reviewed_contact_sheet,One red apple and one green pear visible; apple is left of the pear.,PROJECT_ROOT/experiments_gpt_image2_expanded_20260520_1713/images/S05_quantity_shift_es.png,PROJECT_ROOT/experiments_gpt_image2_expanded_20260520_1713/images/S05_quantity_shift_es.json,2026-05-20T18:19:05+08:00,33.116
30,S05_quantity_shift,S05,quantity_color,quantity_shift,left_of,fr,French,Une pomme rouge est à gauche de une poire verte.,Une pomme rouge est à gauche de une poire verte.,"A simple clean illustration of a red apple positioned to the left of a green pear on a plain light background, realistic fruit, centered composition.",1,0,1.0,1,48,149,3.1042,1,1,1,0,1,1,5,1,1,1,1,,1,light_reviewed_contact_sheet,One red apple and one green pear visible; apple is left of the pear.,PROJECT_ROOT/experiments_gpt_image2_expanded_20260520_1713/images/S05_quantity_shift_fr.png,PROJECT_ROOT/experiments_gpt_image2_expanded_20260520_1713/images/S05_quantity_shift_fr.json,2026-05-20T18:19:33+08:00,27.961
21,S06_base,S06,quantity_color,base,right_of,en,English,Three blue balloons are to the right of one yellow box.,Three blue balloons are to the right of one yellow box.,"A simple clean illustration on a white background: one yellow box on the left side, and three blue balloons positioned to the right of the box. Minimalist flat style, clear spacing, no text.",1,0,1.0,1,55,190,3.4545,1,1,1,1,1,1,6,1,1,1,1,,1,light_reviewed_contact_sheet,Three blue balloons and one yellow box visible; balloons are right of the box.,PROJECT_ROOT/experiments_gpt_image2_expanded_20260520_1713/images/S06_base_en.png,PROJECT_ROOT/experiments_gpt_image2_expanded_20260520_1713/images/S06_base_en.json,2026-05-20T17:28:33+08:00,25.95
22,S06_base,S06,quantity_color,base,right_of,zh,Chinese,三个蓝色气球在一个黄色盒子的右边。,三个蓝色气球在一个黄色盒子的右边。,"A simple clean illustration: a yellow box on the left, and three blue balloons positioned to the right of the box. Minimal background, clear colors, children's picture-book style.",1,0,1.0,1,17,179,10.5294,1,1,1,0,1,1,5,1,1,1,1,,1,light_reviewed_contact_sheet,Three blue balloons and one yellow box visible; balloons are right of the box.,PROJECT_ROOT/experiments_gpt_image2_expanded_20260520_1713/images/S06_base_zh.png,PROJECT_ROOT/experiments_gpt_image2_expanded_20260520_1713/images/S06_base_zh.json,2026-05-20T17:29:19+08:00,45.47
23,S06_base,S06,quantity_color,base,right_of,hi,Hindi,तीन नीले गुब्बारा एक पीला डिब्बा के दाईं ओर हैं।,तीन नीले गुब्बारा एक पीला डिब्बा के दाईं ओर हैं।,"A simple clean illustration: a yellow box on the left side, and three blue balloons positioned to the right of the yellow box. Minimal background, clear spatial relationship, bright colors.",1,0,1.0,1,48,189,3.9375,1,1,1,0,1,1,5,1,1,1,1,,1,light_reviewed_contact_sheet,Three blue balloons and one yellow box visible; balloons are right of the box.,PROJECT_ROOT/experiments_gpt_image2_expanded_20260520_1713/images/S06_base_hi.png,PROJECT_ROOT/experiments_gpt_image2_expanded_20260520_1713/images/S06_base_hi.json,2026-05-20T17:29:44+08:00,25.753
24,S06_base,S06,quantity_color,base,right_of,es,Spanish,Tres globos azul están a la derecha de una caja amarilla.,Tres globos azul están a la derecha de una caja amarilla.,"A simple clean illustration showing three blue balloons positioned to the right of a yellow box. Minimal background, clear spatial relationship, bright colors, no text.",1,0,1.0,1,57,168,2.9474,1,1,1,1,1,1,6,1,1,1,1,,1,light_reviewed_contact_sheet,Three blue balloons and one yellow box visible; balloons are right of the box.,PROJECT_ROOT/experiments_gpt_image2_expanded_20260520_1713/images/S06_base_es.png,PROJECT_ROOT/experiments_gpt_image2_expanded_20260520_1713/images/S06_base_es.json,2026-05-20T17:30:10+08:00,25.642
25,S06_base,S06,quantity_color,base,right_of,fr,French,Trois ballons bleu sont à droite de une boîte jaune.,Trois ballons bleu sont à droite de une boîte jaune.,"Simple flat illustration on a white background: a yellow box on the left, and three blue balloons positioned to the right of the box. Clean, minimal, childlike educational style. No text.",1,0,1.0,1,52,187,3.5962,1,1,1,1,1,1,6,1,1,1,1,,1,light_reviewed_contact_sheet,Three blue balloons and one yellow box visible; balloons are right of the box.,PROJECT_ROOT/experiments_gpt_image2_expanded_20260520_1713/images/S06_base_fr.png,PROJECT_ROOT/experiments_gpt_image2_expanded_20260520_1713/images/S06_base_fr.json,2026-05-20T17:30:34+08:00,23.709
26,S07_base,S07,attribute_binding,base,left_of,en,English,A black car is to the left of a white bicycle.,A black car is to the left of a white bicycle.,"A simple realistic scene: a black car positioned to the left of a white bicycle, both clearly visible on a neutral background, with the car on the left side of the composition and the bicycle on the right side.",1,0,1.0,1,46,210,4.5652,1,0,1,0,1,1,4,1,1,1,1,,1,light_reviewed_contact_sheet,Black car and white bicycle visible; car is left of the bicycle.,PROJECT_ROOT/experiments_gpt_image2_expanded_20260520_1713/images/S07_base_en.png,PROJECT_ROOT/experiments_gpt_image2_expanded_20260520_1713/images/S07_base_en.json,2026-05-20T17:31:22+08:00,47.684
27,S07_base,S07,attribute_binding,base,left_of,zh,Chinese,黑色汽车在白色自行车的左边。,黑色汽车在白色自行车的左边。,一幅简洁清晰的场景图：一辆黑色汽车位于一辆白色自行车的左边。白色背景，物体居中，风格写实，光线自然，构图简单。,1,1,0.0,0,14,55,3.9286,1,1,1,0,1,1,5,1,1,1,1,,1,light_reviewed_contact_sheet,Black car and white bicycle visible; car is left of the bicycle.,PROJECT_ROOT/experiments_gpt_image2_expanded_20260520_1713/images/S07_base_zh.png,PROJECT_ROOT/experiments_gpt_image2_expanded_20260520_1713/images/S07_base_zh.json,2026-05-20T17:31:46+08:00,24.268
28,S07_base,S07,attribute_binding,base,left_of,hi,Hindi,एक काली कार एक सफेद साइकिल के बाईं ओर है।,एक काली कार एक सफेद साइकिल के बाईं ओर है।,"A simple realistic scene showing a black car positioned to the left of a white bicycle. Clean neutral background, clear spatial relationship, car clearly on the left side, bicycle clearly on the right side.",1,0,1.0,1,41,206,5.0244,1,0,1,0,1,1,4,1,1,1,1,,1,light_reviewed_contact_sheet,Black car and white bicycle visible; car is left of the bicycle.,PROJECT_ROOT/experiments_gpt_image2_expanded_20260520_1713/images/S07_base_hi.png,PROJECT_ROOT/experiments_gpt_image2_expanded_20260520_1713/images/S07_base_hi.json,2026-05-20T17:32:58+08:00,72.021
29,S07_base,S07,attribute_binding,base,left_of,es,Spanish,Un coche negro está a la izquierda de una bicicleta blanca.,Un coche negro está a la izquierda de una bicicleta blanca.,"A simple realistic scene: a black car positioned to the left of a white bicycle on a plain background, clear spatial relationship, well-lit, no extra objects.",1,0,1.0,1,59,158,2.678,1,1,1,0,1,1,5,1,1,1,1,,1,light_reviewed_contact_sheet,Black car and white bicycle visible; car is left of the bicycle.,PROJECT_ROOT/experiments_gpt_image2_expanded_20260520_1713/images/S07_base_es.png,PROJECT_ROOT/experiments_gpt_image2_expanded_20260520_1713/images/S07_base_es.json,2026-05-20T17:34:35+08:00,96.952
30,S07_base,S07,attribute_binding,base,left_of,fr,French,Une voiture noire est à gauche de un vélo blanc.,Une voiture noire est à gauche de un vélo blanc.,"Une scène simple et réaliste montrant une voiture noire à gauche d’un vélo blanc, sur un fond neutre.",1,1,0.9505,0,48,101,2.1042,1,1,1,0,1,1,5,1,1,1,1,,1,light_reviewed_contact_sheet,Black car and white bicycle visible; car is left of the bicycle.,PROJECT_ROOT/experiments_gpt_image2_expanded_20260520_1713/images/S07_base_fr.png,PROJECT_ROOT/experiments_gpt_image2_expanded_20260520_1713/images/S07_base_fr.json,2026-05-20T17:35:10+08:00,34.301
31,S08_base,S08,attribute_binding,base,above,en,English,A gray cat is above a brown dog.,A gray cat is above a brown dog.,"A simple scene showing a gray cat positioned above a brown dog. Clean composition, realistic but uncomplicated, neutral background.",1,0,1.0,1,32,131,4.0938,1,0,1,0,1,1,4,1,1,1,1,,1,light_reviewed_contact_sheet,Gray cat and brown dog visible; cat is above/on top of the dog.,PROJECT_ROOT/experiments_gpt_image2_expanded_20260520_1713/images/S08_base_en.png,PROJECT_ROOT/experiments_gpt_image2_expanded_20260520_1713/images/S08_base_en.json,2026-05-20T17:35:38+08:00,27.837
32,S08_base,S08,attribute_binding,base,above,zh,Chinese,灰色猫在棕色狗的上方。,灰色猫在棕色狗的上方。,"A simple scene showing a gray cat positioned above a brown dog. Clear spatial relationship: the gray cat is on top / above the brown dog. Neutral background, realistic but clean illustration style.",1,0,1.0,1,11,197,17.9091,1,0,1,0,1,1,4,1,1,1,1,,1,light_reviewed_contact_sheet,Gray cat and brown dog visible; cat is above/on top of the dog.,PROJECT_ROOT/experiments_gpt_image2_expanded_20260520_1713/images/S08_base_zh.png,PROJECT_ROOT/experiments_gpt_image2_expanded_20260520_1713/images/S08_base_zh.json,2026-05-20T17:36:10+08:00,31.058
33,S08_base,S08,attribute_binding,base,above,hi,Hindi,एक धूसर बिल्ली एक भूरा कुत्ता के ऊपर है।,एक धूसर बिल्ली एक भूरा कुत्ता के ऊपर है।,"A realistic scene of a gray cat standing on top of a brown dog. The brown dog is calm and the gray cat is balanced on its back. Natural lighting, clear composition, detailed fur, friendly non-violent mood, simple indoor or outdoor background.",1,0,1.0,1,40,242,6.05,1,0,1,0,1,1,4,1,1,1,1,,1,light_reviewed_contact_sheet,Gray cat and brown dog visible; cat is above/on top of the dog.,PROJECT_ROOT/experiments_gpt_image2_expanded_20260520_1713/images/S08_base_hi.png,PROJECT_ROOT/experiments_gpt_image2_expanded_20260520_1713/images/S08_base_hi.json,2026-05-20T17:37:22+08:00,71.569
34,S08_base,S08,attribute_binding,base,above,es,Spanish,Un gato gris está encima de un perro marrón.,Un gato gris está encima de un perro marrón.,"A simple, clear illustration of a gray cat standing on top of a brown dog. Friendly, neutral background, realistic proportions, soft lighting.",1,0,1.0,1,44,142,3.2273,1,0,1,0,1,1,4,1,1,1,1,,1,light_reviewed_contact_sheet,Gray cat and brown dog visible; cat is above/on top of the dog.,PROJECT_ROOT/experiments_gpt_image2_expanded_20260520_1713/images/S08_base_es.png,PROJECT_ROOT/experiments_gpt_image2_expanded_20260520_1713/images/S08_base_es.json,2026-05-20T17:38:45+08:00,82.815
35,S08_base,S08,attribute_binding,base,above,fr,French,Un chat gris est au-dessus de un chien marron.,Un chat gris est au-dessus de un chien marron.,"A simple clear illustration: a gray cat positioned above a brown dog. The cat is directly above the dog, both visible, neutral background, natural colors, clean composition.",1,0,1.0,1,46,173,3.7609,1,0,1,0,1,1,4,1,1,1,1,,1,light_reviewed_contact_sheet,Gray cat and brown dog visible; cat is above/on top of the dog.,PROJECT_ROOT/experiments_gpt_image2_expanded_20260520_1713/images/S08_base_fr.png,PROJECT_ROOT/experiments_gpt_image2_expanded_20260520_1713/images/S08_base_fr.json,2026-05-20T17:39:11+08:00,25.233
46,S09_base,S09,negation,base,none,en,English,"A blue ship and a yellow sun appear together, and there is no bird.","A blue ship and a yellow sun appear together, and there is no bird.","A simple bright scene showing a blue ship and a yellow sun together. The ship should be clearly blue, the sun clearly yellow, both visible in the same composition. There must be no bird anywhere in the image. Clean, illustrative style, balanced composition, vivid colors.",1,0,1.0,1,67,271,4.0448,1,0,1,1,1,1,5,1,1,1,1,1,1,light_reviewed_contact_sheet,Blue ship/boat and yellow sun visible together; no bird is visible.,PROJECT_ROOT/experiments_gpt_image2_expanded_20260520_1713/images/S09_base_en.png,PROJECT_ROOT/experiments_gpt_image2_expanded_20260520_1713/images/S09_base_en.json,2026-05-20T18:20:06+08:00,32.54
47,S09_base,S09,negation,base,none,zh,Chinese,蓝色船和黄色太阳同时出现，不要出现鸟。,蓝色船和黄色太阳同时出现，不要出现鸟。,"A simple clean illustration showing a blue boat and a yellow sun appearing at the same time, with no birds anywhere in the scene. Bright, minimal, friendly style, clear composition.",1,0,1.0,1,19,181,9.5263,1,0,1,1,1,1,5,1,1,1,1,1,1,light_reviewed_contact_sheet,Blue ship/boat and yellow sun visible together; no bird is visible.,PROJECT_ROOT/experiments_gpt_image2_expanded_20260520_1713/images/S09_base_zh.png,PROJECT_ROOT/experiments_gpt_image2_expanded_20260520_1713/images/S09_base_zh.json,2026-05-20T18:20:38+08:00,32.454
48,S09_base,S09,negation,base,none,hi,Hindi,एक नीली नाव और एक पीला सूरज साथ दिखाई दें। पक्षी न दिखे।,एक नीली नाव और एक पीला सूरज साथ दिखाई दें। पक्षी न दिखे।,"A simple clean illustration showing a blue boat and a yellow sun together in the same scene. No birds visible. Bright, clear background, minimal composition, child-friendly style.",1,0,1.0,1,56,179,3.1964,1,0,1,1,1,1,5,1,1,1,1,1,1,light_reviewed_contact_sheet,Blue ship/boat and yellow sun visible together; no bird is visible.,PROJECT_ROOT/experiments_gpt_image2_expanded_20260520_1713/images/S09_base_hi.png,PROJECT_ROOT/experiments_gpt_image2_expanded_20260520_1713/images/S09_base_hi.json,2026-05-20T18:21:05+08:00,26.364
49,S09_base,S09,negation,base,none,es,Spanish,"Un barco azul y un sol amarillo aparecen juntos, sin un pájaro.","Un barco azul y un sol amarillo aparecen juntos, sin un pájaro.","Ilustración simple y limpia: un barco azul y un sol amarillo aparecen juntos en la escena, sin ningún pájaro. Fondo claro, estilo vectorial minimalista, composición equilibrada.",1,1,0.9774,0,63,177,2.8095,1,1,1,1,1,1,6,1,1,1,1,1,1,light_reviewed_contact_sheet,Blue ship/boat and yellow sun visible together; no bird is visible.,PROJECT_ROOT/experiments_gpt_image2_expanded_20260520_1713/images/S09_base_es.png,PROJECT_ROOT/experiments_gpt_image2_expanded_20260520_1713/images/S09_base_es.json,2026-05-20T18:21:31+08:00,26.039
50,S09_base,S09,negation,base,none,fr,French,"Un bateau bleu et un soleil jaune apparaissent ensemble, sans un oiseau.","Un bateau bleu et un soleil jaune apparaissent ensemble, sans un oiseau.","A simple illustration showing a blue boat and a yellow sun together in the scene, with no bird present. Clean, clear composition.",1,0,1.0,1,72,129,1.7917,1,0,1,1,1,1,5,1,1,1,1,1,1,light_reviewed_contact_sheet,Blue ship/boat and yellow sun visible together; no bird is visible.,PROJECT_ROOT/experiments_gpt_image2_expanded_20260520_1713/images/S09_base_fr.png,PROJECT_ROOT/experiments_gpt_image2_expanded_20260520_1713/images/S09_base_fr.json,2026-05-20T18:21:56+08:00,25.155
51,S09_negation_rephrase,S09,negation,negation_rephrase,none,en,English,Do not draw a bird; keep only the blue ship and the yellow sun.,Do not draw a bird; keep only the blue ship and the yellow sun.,"Edit the image so that it contains only a blue ship and a yellow sun. Remove any bird or bird-like elements entirely. Keep the composition simple and clean, with the blue ship and yellow sun clearly visible and no other major objects.",1,0,1.0,1,63,234,3.7143,1,0,0,0,1,1,3,1,1,1,1,1,1,light_reviewed_contact_sheet,Blue ship/boat and yellow sun visible; no bird is visible.,PROJECT_ROOT/experiments_gpt_image2_expanded_20260520_1713/images/S09_negation_rephrase_en.png,PROJECT_ROOT/experiments_gpt_image2_expanded_20260520_1713/images/S09_negation_rephrase_en.json,2026-05-20T18:22:47+08:00,50.519
52,S09_negation_rephrase,S09,negation,negation_rephrase,none,zh,Chinese,请不要画鸟，只保留蓝色船和黄色太阳。,请不要画鸟，只保留蓝色船和黄色太阳。,"A simple clean illustration featuring only a blue boat and a yellow sun. No birds, no other animals, no extra objects. The blue boat is centered on calm water, with a bright yellow sun in the sky. Minimal composition, clear shapes, cheerful colors.",1,0,1.0,1,18,248,13.7778,1,0,1,1,1,1,5,1,1,1,1,1,1,light_reviewed_contact_sheet,Blue ship/boat and yellow sun visible; no bird is visible.,PROJECT_ROOT/experiments_gpt_image2_expanded_20260520_1713/images/S09_negation_rephrase_zh.png,PROJECT_ROOT/experiments_gpt_image2_expanded_20260520_1713/images/S09_negation_rephrase_zh.json,2026-05-20T18:23:15+08:00,28.735
53,S09_negation_rephrase,S09,negation,negation_rephrase,none,hi,Hindi,कृपया पक्षी न बनाएं; केवल एक नीली नाव और एक पीला सूरज रखें।,कृपया पक्षी न बनाएं; केवल एक नीली नाव और एक पीला सूरज रखें।,"A simple clean illustration containing only a blue boat and a yellow sun. No birds, no extra objects, no text, minimal composition, clear background.",1,0,1.0,1,59,149,2.5254,1,0,1,1,1,1,5,1,1,1,1,1,1,light_reviewed_contact_sheet,Blue ship/boat and yellow sun visible; no bird is visible.,PROJECT_ROOT/experiments_gpt_image2_expanded_20260520_1713/images/S09_negation_rephrase_hi.png,PROJECT_ROOT/experiments_gpt_image2_expanded_20260520_1713/images/S09_negation_rephrase_hi.json,2026-05-20T18:23:40+08:00,24.547
54,S09_negation_rephrase,S09,negation,negation_rephrase,none,es,Spanish,"Por favor, no dibujes un pájaro; conserva solo Un barco azul y Un sol amarillo.","Por favor, no dibujes un pájaro; conserva solo Un barco azul y Un sol amarillo.","Minimalist illustration with only a blue boat and a yellow sun. No bird, no other objects, no text. Clean simple composition, bright colors, plain background.",1,0,1.0,1,79,158,2.0,1,1,1,1,1,1,6,1,1,1,1,1,1,light_reviewed_contact_sheet,Blue ship/boat and yellow sun visible; no bird is visible.,PROJECT_ROOT/experiments_gpt_image2_expanded_20260520_1713/images/S09_negation_rephrase_es.png,PROJECT_ROOT/experiments_gpt_image2_expanded_20260520_1713/images/S09_negation_rephrase_es.json,2026-05-20T18:24:02+08:00,22.024
55,S09_negation_rephrase,S09,negation,negation_rephrase,none,fr,French,Veuillez ne pas dessiner un oiseau; gardez seulement Un bateau bleu et Un soleil jaune.,Veuillez ne pas dessiner un oiseau; gardez seulement Un bateau bleu et Un soleil jaune.,"Minimalist childlike illustration: only a blue boat and a yellow sun. No bird, no other animals, no extra objects, no text. Clean simple composition with a plain background, bright colors.",1,0,1.0,1,87,188,2.1609,1,1,1,1,1,1,6,1,1,1,1,1,1,light_reviewed_contact_sheet,Blue ship/boat and yellow sun visible; no bird is visible.,PROJECT_ROOT/experiments_gpt_image2_expanded_20260520_1713/images/S09_negation_rephrase_fr.png,PROJECT_ROOT/experiments_gpt_image2_expanded_20260520_1713/images/S09_negation_rephrase_fr.json,2026-05-20T18:24:30+08:00,27.387
36,S10_base,S10,negation,base,above,en,English,"A red umbrella is above a brown bench, and there is no car.","A red umbrella is above a brown bench, and there is no car.","A simple realistic outdoor scene: a red umbrella positioned above a brown bench. Ensure there is no car anywhere in the scene. Daytime, neutral background, clean composition.",1,0,1.0,1,59,174,2.9492,1,0,1,1,1,1,5,1,1,1,1,1,1,light_reviewed_contact_sheet,Red umbrella and brown bench visible; no car is visible.,PROJECT_ROOT/experiments_gpt_image2_expanded_20260520_1713/images/S10_base_en.png,PROJECT_ROOT/experiments_gpt_image2_expanded_20260520_1713/images/S10_base_en.json,2026-05-20T17:39:53+08:00,42.388
37,S10_base,S10,negation,base,above,zh,Chinese,红色伞在棕色长椅的上方，不要出现汽车。,红色伞在棕色长椅的上方，不要出现汽车。,一幅简洁自然的场景：一把红色雨伞悬在一张棕色长椅的上方，画面中不要出现汽车。可以是公园或街边环境，构图清晰，重点突出红色伞与棕色长椅的相对位置，光线自然，写实风格。,1,1,0.0,0,19,82,4.3158,1,0,1,1,1,1,5,1,1,1,1,1,1,light_reviewed_contact_sheet,Red umbrella and brown bench visible; no car is visible.,PROJECT_ROOT/experiments_gpt_image2_expanded_20260520_1713/images/S10_base_zh.png,PROJECT_ROOT/experiments_gpt_image2_expanded_20260520_1713/images/S10_base_zh.json,2026-05-20T17:40:40+08:00,46.4
38,S10_base,S10,negation,base,above,hi,Hindi,एक लाल छाता एक भूरी बेंच के ऊपर है। कार न दिखे।,एक लाल छाता एक भूरी बेंच के ऊपर है। कार न दिखे।,"A simple realistic outdoor scene: a red umbrella placed above a brown bench. No car visible. Clean composition, natural lighting, bench clearly brown, umbrella clearly red, no other vehicles in frame.",1,0,1.0,1,47,200,4.2553,1,0,1,1,1,1,5,1,1,1,1,1,1,light_reviewed_contact_sheet,Red umbrella and brown bench visible; no car is visible.,PROJECT_ROOT/experiments_gpt_image2_expanded_20260520_1713/images/S10_base_hi.png,PROJECT_ROOT/experiments_gpt_image2_expanded_20260520_1713/images/S10_base_hi.json,2026-05-20T17:41:53+08:00,72.52
39,S10_base,S10,negation,base,above,es,Spanish,"Un paraguas rojo está encima de un banco marrón, sin un coche.","Un paraguas rojo está encima de un banco marrón, sin un coche.","A simple realistic scene: a red umbrella placed on top of a brown bench, outdoors. No car present anywhere in the scene. Natural lighting, clear composition.",1,0,1.0,1,62,157,2.5323,1,0,1,1,1,1,5,1,1,1,partial,1,0,light_reviewed_contact_sheet,"Red umbrella and brown bench visible and no car is visible; umbrella rests against/over the bench, so the above relation is visually partial rather than clean.",PROJECT_ROOT/experiments_gpt_image2_expanded_20260520_1713/images/S10_base_es.png,PROJECT_ROOT/experiments_gpt_image2_expanded_20260520_1713/images/S10_base_es.json,2026-05-20T17:42:22+08:00,29.621
40,S10_base,S10,negation,base,above,fr,French,"Un parapluie rouge est au-dessus de un banc marron, sans une voiture.","Un parapluie rouge est au-dessus de un banc marron, sans une voiture.","A simple realistic outdoor scene: a red umbrella positioned above a brown bench, with no car present anywhere in the scene. Natural daylight, clear composition, centered objects, clean background.",1,0,1.0,1,69,196,2.8406,1,1,1,1,1,1,6,1,1,1,1,1,1,light_reviewed_contact_sheet,Red umbrella and brown bench visible; no car is visible.,PROJECT_ROOT/experiments_gpt_image2_expanded_20260520_1713/images/S10_base_fr.png,PROJECT_ROOT/experiments_gpt_image2_expanded_20260520_1713/images/S10_base_fr.json,2026-05-20T17:43:10+08:00,47.562
